Epoch	Train Loss	Test Loss
1	0.4125903858379884	0.3046558558940887
2	0.28063519858952723	0.2865766748785973
3	0.2649050228071935	0.2853516858071089
4	0.25042643470294546	0.2879666693508625
5	0.24143482862096843	0.29142439756542443
6	0.23489267270673406	0.29275410156697035
7	0.22973078200311373	0.29876444954425097
