Opt_Th	P	R	F1	P_5	R_5	F1_5
0.07805154	0.22325634447320689	0.8987744390004437	0.3576677194826865	0.5508771766631939	0.04472627375456682	0.08273519366383497
