Opt_Th	P	R	F1	P_5	R_5	F1_5
0.052406788	0.2322188101567513	0.9998947454979031	0.37690416928842196	0.24483417259940962	0.004637776498643204	0.0091031170105622
