Epoch	Train Loss	Test Loss
1	0.4094278846935528	0.3356316397587458
2	0.3038947943870614	0.30367280503114064
3	0.2807837394861186	0.2935923699537913
4	0.2666952678615727	0.28805913706620534
5	0.2580253265162067	0.28718499739964803
6	0.2522474042616966	0.2864900122086207
7	0.24814003342535437	0.28474844723939896
8	0.2444052370492278	0.28505392104387284
9	0.23965303431742074	0.2898036723335584
10	0.23404918892717944	0.2853328170379003
11	0.22905049682026957	0.2900791483124097
