Opt_Th	P	R	F1	P_5	R_5	F1_5
0.052084066	0.23018274737374228	0.9999327574064177	0.3742205807412294	0.2202539120165338	0.0026401565690705306	0.0052177683898358435
