Opt_Th	P	R	F1	P_5	R_5	F1_5
0.12072144	0.2140673470415131	0.9923543572460279	0.35216651660987025	0.0	0.0	0.0
