Opt_Th	P	R	F1	P_5	R_5	F1_5
0.09938751	0.2322214149598712	0.9924479894745498	0.37637533126140976	0.0	0.0	0.0
