Epoch	Train Loss	Test Loss
1	0.34192579149440594	0.2737337490395894
2	0.24671769837380214	0.275700600315181
3	0.22965294279300483	0.28052247908932193
4	0.22197179211552737	0.28353817255369257
5	0.2165732919030888	0.29004024454052485
