Opt_Th	P	R	F1	P_5	R_5	F1_5
0.11118845	0.26238744434172007	0.8532258860291094	0.4013500978998906	0.2614073284847362	0.03712194720828879	0.0650117079830299
