Opt_Th	P	R	F1	P_5	R_5	F1_5
0.058194187	0.2141205356929071	0.9792913987935087	0.3514065727847121	0.7911381701336039	0.015898496134130108	0.03117059649247499
