Epoch	Train Loss	Test Loss
1	0.35137533078527755	0.2911397135525784
2	0.26943387990449646	0.27617940204168756
3	0.24723445000067637	0.27512424945752456
4	0.23823401353256718	0.27579657581669315
5	0.233400817106294	0.2731829381020612
6	0.2302083494556937	0.2759312774256739
7	0.22789570546833574	0.27979894743236916
8	0.2259220318382333	0.28126571753195356
9	0.22410978469404447	0.2873756155351955
