Opt_Th	P	R	F1	P_5	R_5	F1_5
0.097990245	0.23018454438250646	0.9999593005354633	0.37422481435112875	0.0	0.0	0.0
