Opt_Th	P	R	F1	P_5	R_5	F1_5
0.057851415	0.23019783626012139	0.9998088894708715	0.37423184477800164	0.23283149776026404	0.012232843406155882	0.023244436449347605
