Epoch	Train Loss	Test Loss
1	0.4036149537963111	0.3029767320553462
2	0.27628828866816146	0.28524260779221855
3	0.26127353292412875	0.2843480165799459
4	0.24695390312955146	0.287968190908432
5	0.23723858899277886	0.2912669762969017
6	0.23026902392143156	0.2951411098241806
7	0.22476738800362842	0.29920565406481425
