Opt_Th	P	R	F1	P_5	R_5	F1_5
0.08788265	0.34147790946446155	0.20369901447396407	0.25517849552413036	0.6645388879556526	0.0801385611117301	0.14302887874542417
