Epoch	Train Loss	Test Loss
1	0.2844576607100092	0.09688433876844367
2	0.09453641895491344	0.06992310575313038
3	0.07787145870045209	0.06501389467957044
4	0.0722239652935129	0.06429630826518994
5	0.06904607861995316	0.06446424420132782
6	0.06692056365024585	0.06518554382703522
7	0.06544710855740003	0.06573826955123381
8	0.06443609518166153	0.06677677467314884
