Opt_Th	P	R	F1	P_5	R_5	F1_5
0.12773016	0.10473918382959876	0.3577199436174236	0.16203505438802765	0.08333333333333333	0.00024065733832983807	0.00047992869630797706
