Epoch	Train Loss	Test Loss
1	0.2564328367192319	0.08707611845887225
2	0.08263455585227998	0.06541193095238312
3	0.07081199799503028	0.06201606690883636
4	0.0668860427077922	0.06104496124645938
5	0.06442606233726333	0.0611522680391436
6	0.06300255141153349	0.06149239235598108
7	0.06209329629119215	0.06148834824562073
8	0.06144568423985103	0.06226310888710229
