Opt_Th	P	R	F1	P_5	R_5	F1_5
0.12005467	0.6301182257748958	0.22835235847623292	0.33522169685074493	0.8788478847884789	0.14834547093559136	0.25384335407386865
