Opt_Th	P	R	F1	P_5	R_5	F1_5
0.16096017	0.571349147516679	0.18907979007683748	0.28413063083819917	0.7998407717885074	0.149635963797892	0.2521071665805595
