Opt_Th	P	R	F1	P_5	R_5	F1_5
0.17457104	0.6013485477178423	0.19929865575686734	0.29937769514808793	0.7796376526191414	0.13610891463540414	0.2317576467144739
