Opt_Th	P	R	F1	P_5	R_5	F1_5
0.14486882	0.15465322250987873	0.3977675950831019	0.2227144178151912	0.0	0.0	0.0
