Opt_Th	P	R	F1	P_5	R_5	F1_5
0.15079246	0.7647529019253493	0.19279462400448583	0.30795390137918	0.8931347451710495	0.16812251942840623	0.28297768798572503
