Opt_Th	P	R	F1	P_5	R_5	F1_5
0.1396861	0.6523054869793741	0.28160346546567194	0.3933819998078955	0.8207501217730151	0.1737889778939045	0.2868410599784373
