Opt_Th	P	R	F1	P_5	R_5	F1_5
0.14432669	0.15842099280361654	0.36701475756869817	0.22131285214762333	0.0	0.0	0.0
