Opt_Th	P	R	F1	P_5	R_5	F1_5
0.48140538	0.9577125143778339	0.9050508865806316	0.9306373099031606	0.9590247900020488	0.9036869163781345	0.9305338579648704
