Opt_Th	P	R	F1	P_5	R_5	F1_5
0.3378928	0.7373752059707279	0.8414755549000811	0.7859934909510443	0.7896458078335373	0.761171742496866	0.7751473735591184
