Opt_Th	P	R	F1	P_5	R_5	F1_5
0.3923547	0.7402509233108842	0.8008099884587137	0.7693405612013474	0.7880044994375703	0.7350078690588605	0.7605841159546171
