Opt_Th	P	R	F1	P_5	R_5	F1_5
0.4591696	0.9788961368442844	0.954761429901274	0.9666781661980419	0.9836786549989438	0.9495086465050976	0.9662916651452558
