Epoch	Train Loss	Test Loss
1	0.5358175305666122	0.40335326609404193
2	0.3238159708217182	0.30423684742139734
3	0.21671078479395503	0.28848293371822525
4	0.15087661780087294	0.3001689865537312
5	0.11597356450768699	0.31039023904696755
6	0.09739683126717542	0.31033757354902186
7	0.08229332041423933	0.344171667487725
