Opt_Th	P	R	F1	P_5	R_5	F1_5
0.37920478	0.9078481103736082	0.9304254848462503	0.9189981518067682	0.9372782441786067	0.8911953395767274	0.9136560796061274
