Opt_Th	P	R	F1	P_5	R_5	F1_5
0.47938037	0.7477258284157966	0.7591807388835632	0.7534097457898443	0.7551909529106414	0.750958631369368	0.7530688456703394
