Epoch	Train Loss	Test Loss
1	0.5612584498843977	0.4405074715614319
2	0.29541310242244173	0.3341820165514946
3	0.16451240929641894	0.2828822433948517
4	0.11055497106696878	0.2649287059903145
5	0.08376904976155077	0.25109656527638435
6	0.06774170819803008	0.2471812516450882
7	0.05680569331161678	0.24910027533769608
8	0.04873855880993817	0.2537323459982872
9	0.04310183759246554	0.2576649449765682
10	0.03835549714442875	0.26323555409908295
