Opt_Th	P	R	F1	P_5	R_5	F1_5
0.44240522	0.9690169684966684	0.9692162417374882	0.9691165948732583	0.9719711051030754	0.9656279508970728	0.9687891451488964
