Opt_Th	P	R	F1	P_5	R_5	F1_5
0.4514487	0.7506116227480062	0.8434631946365587	0.7943332023689179	0.7657226523344733	0.8222635072103286	0.7929865003853964
