Opt_Th	P	R	F1	P_5	R_5	F1_5
0.39453694	0.7369594711981823	0.804026243131518	0.7690334173219849	0.7962199852439312	0.7300814641675942	0.7617177495972572
