Opt_Th	P	R	F1	P_5	R_5	F1_5
0.14453636	0.7490710923953431	0.24720957867046606	0.37173771312290493	0.902464685825621	0.13523361293505903	0.23521973613382224
