Opt_Th	P	R	F1	P_5	R_5	F1_5
0.2133151	0.7725373134328358	0.34904840401618464	0.4808422791081751	0.9192382700470345	0.24016184624606624	0.3808279074188489
