Opt_Th	P	R	F1	P_5	R_5	F1_5
0.12838627	0.18907369448216588	0.36544811699478263	0.2492115700109902	0.0	0.0	0.0
