Opt_Th	P	R	F1	P_5	R_5	F1_5
0.12727837	0.3306065442936951	0.3161677408412483	0.32322597425115956	0.633082416521907	0.17384667571234735	0.27278548914263856
