Opt_Th	P	R	F1	P_5	R_5	F1_5
0.14677423	0.4901684944208204	0.3250296811397558	0.39087258588820195	0.7183164458300857	0.19538670284938942	0.30721024034134475
