Epoch	Train Loss	Test Loss
1	0.2662767980187232	0.1290553689743421
2	0.1264930103674289	0.10690047920490645
3	0.11573146058899067	0.10366347098942869
4	0.11208492201124155	0.10753849738780756
5	0.10999480273635094	0.10733799011625858
6	0.10825349580660773	0.10776576899593661
7	0.10679736774924736	0.11023678123858405
