Opt_Th	P	R	F1	P_5	R_5	F1_5
0.15584987	0.5618491090025457	0.291053499175783	0.3834626547414559	0.8250539956803455	0.17173684999250713	0.28429670057057804
