Opt_Th	P	R	F1	P_5	R_5	F1_5
0.1179036	0.14576590823146926	0.3146306818181818	0.1992300902479217	0.16216216216216217	0.00012720488466757122	0.00025421035907213216
