Opt_Th	P	R	F1	P_5	R_5	F1_5
0.18593372	0.10452142871910082	0.45457815075678104	0.1699631318847563	0.052941176470588235	0.0016184624606623706	0.0031409044641558816
