Opt_Th	P	R	F1	P_5	R_5	F1_5
0.13207272	0.644087484878478	0.27358829351466085	0.38404586894645276	0.9064168462941469	0.15960363316798584	0.2714158397898819
