Opt_Th	P	R	F1	P_5	R_5	F1_5
0.11090323	0.2180008490598141	0.9999203938910272	0.35795991920187914	0.0	0.0	0.0
