Opt_Th	P	R	F1	P_5	R_5	F1_5
0.08478538	0.2361170660136626	0.8733475335468672	0.37173291930727276	0.500019712823586	0.03605758705923093	0.06726456923435943
