Opt_Th	P	R	F1	P_5	R_5	F1_5
0.06897047	0.21819954417799986	0.9967162480048719	0.35802157217614516	0.784105583660123	0.01881660970091416	0.03675127890108212
