Opt_Th	P	R	F1	P_5	R_5	F1_5
0.477612	0.6162549582634007	0.9999507488437286	0.7625571476258897	0.750092300774049	0.5901570056503138	0.6605819142218666
