Opt_Th	P	R	F1	P_5	R_5	F1_5
0.16745088	0.6162664867854849	0.9999994974371809	0.7625801484268094	0.7857039318982456	0.5393690122781122	0.6396392825821416
