Opt_Th	P	R	F1	P_5	R_5	F1_5
0.119086295	0.6162668216884761	0.9999984923115427	0.7625801125743831	0.8176197747489675	0.5013295299379185	0.6215507084105174
