Opt_Th	P	R	F1	P_5	R_5	F1_5
0.08663829	0.4166276068083082	0.24613871289052006	0.3094550216162288	0.7139817988417445	0.12483829504077239	0.21251820529237525
