Opt_Th	P	R	F1	P_5	R_5	F1_5
0.14226204	0.1553260908536804	0.3581026067046079	0.21667148053260113	0.0	0.0	0.0
