Opt_Th	P	R	F1	P_5	R_5	F1_5
0.13844065	0.8190862196020634	0.183754696159998	0.3001691236290352	0.9294515380961694	0.13748951242596702	0.2395443285903566
