Opt_Th	P	R	F1	P_5	R_5	F1_5
0.46949247	0.8857654704017318	0.9007393342965171	0.8931896494812481	0.8886827609144263	0.8975324685430592	0.8930856920276536
