Opt_Th	P	R	F1	P_5	R_5	F1_5
0.39019576	0.7430478607356039	0.8030259013419726	0.7718734936755149	0.7947692641748598	0.7310447776679714	0.7615763180738845
