Opt_Th	P	R	F1	P_5	R_5	F1_5
0.31336084	0.9693932279501	0.9813955961579863	0.9753574893382633	0.9843387880255925	0.9468986607941856	0.9652558060313229
