Opt_Th	P	R	F1	P_5	R_5	F1_5
0.13744661	0.45980160114663976	0.20740219305334615	0.2858612654072196	0.7363621502965765	0.13412035422320145	0.22691128637632768
