Opt_Th	P	R	F1	P_5	R_5	F1_5
0.1724608	0.6632133112293538	0.3003326159264332	0.41344077758016234	0.8445952080289862	0.21762949478107746	0.3460827599501499
