Opt_Th	P	R	F1	P_5	R_5	F1_5
0.12311937	0.1848067218512283	0.3468924655261882	0.24114409391895186	0.0	0.0	0.0
