Opt_Th	P	R	F1	P_5	R_5	F1_5
0.06092453	0.21635914882077875	0.974693611366481	0.3541134148971657	0.8752278990884036	0.032205471603104587	0.062124951893396896
