Epoch	Train Loss	Test Loss
1	0.4668179096714143	0.34392912437518436
2	0.29489022960311256	0.31085003713766735
3	0.27528811572334183	0.30350616574287415
4	0.2637136286030167	0.30622092137734097
5	0.24995821453459252	0.30781633655230206
6	0.23972477149304158	0.3132583503921827
7	0.23220602900201823	0.314445132513841
