Epoch	Train Loss	Test Loss
1	0.3541834759923379	0.29280002814173045
2	0.2741920755105318	0.2765487433701265
3	0.2527638264420336	0.27079644003282477
4	0.23954759653351734	0.27405395173554215
5	0.23281966576925606	0.27459772061454796
6	0.22813368239552503	0.2816004919427666
7	0.22303739350870996	0.2850789330655434
