Opt_Th	P	R	F1	P_5	R_5	F1_5
0.0664005	0.2284360668738241	0.9997960347777989	0.3718995351995222	0.2549379880569591	0.0019186559037560715	0.0038086480328847596
