Opt_Th	P	R	F1	P_5	R_5	F1_5
0.101300016	0.22824864772944894	0.9929891276165453	0.37117820978688437	0.0	0.0	0.0
