Epoch	Train Loss	Test Loss
1	0.45019924520967475	0.3090122872489994
2	0.2855614451280081	0.2805794045581656
3	0.2687872955837403	0.27496601464384696
4	0.25511147279337226	0.2744782298045643
5	0.24257156546096725	0.2785427074058581
6	0.23366077202390953	0.2829052807163384
7	0.22696160097198792	0.28710728694321747
8	0.22183986552747856	0.2890697042063131
