Opt_Th	P	R	F1	P_5	R_5	F1_5
0.09368345	0.2145479110709238	0.9926665875784728	0.35283629047387105	0.0	0.0	0.0
