Opt_Th	P	R	F1	P_5	R_5	F1_5
0.054495588	0.21451532230042522	0.9999322101195766	0.3532483283241503	0.1842910027361983	0.00277212189588927	0.00546208265156683
