Opt_Th	P	R	F1	P_5	R_5	F1_5
0.1049693	0.21989233840934214	0.9273045406091459	0.3554876544409771	0.6240840133439596	0.03451374687526693	0.06541011514610773
