Opt_Th	P	R	F1	P_5	R_5	F1_5
0.09926796	0.23124895586220723	0.9570532210948438	0.3724937349681282	0.2614934035521401	0.033643890550187544	0.05961737553678303
