Opt_Th	P	R	F1	P_5	R_5	F1_5
0.06543202	0.25852905686175187	0.9996337477557098	0.410812287672163	0.8235294117647058	0.0001114680743492056	0.00022290597746261348
