Epoch	Train Loss	Test Loss
1	0.33916607187182046	0.2721492286181189
2	0.24908895020323676	0.2721054385024342
3	0.230894453883555	0.27827045349964025
4	0.22313020525923097	0.27975876712815356
5	0.2177580056079152	0.28613448925723467
6	0.21356095397625952	0.2858857618125736
