Opt_Th	P	R	F1	P_5	R_5	F1_5
0.100751735	0.25857932335894324	0.9928302142177529	0.4102979197359794	0.0	0.0	0.0
