Opt_Th	P	R	F1	P_5	R_5	F1_5
0.09665526	0.2224438532065002	0.8985403386104527	0.35660587658781245	0.2561949621134548	0.03331630516098886	0.05896467946712829
