Opt_Th	P	R	F1	P_5	R_5	F1_5
0.10425711	0.29701576187938805	0.8565525313205384	0.44108286293856386	0.3052833247365706	0.049479882003081295	0.08515755071838195
