Opt_Th	P	R	F1	P_5	R_5	F1_5
0.11996538	0.21416802660130738	0.9999059996044962	0.35277567940622645	0.0	0.0	0.0
