Opt_Th	P	R	F1	P_5	R_5	F1_5
0.13967973	0.15466586544480332	0.3519731968866452	0.2148994941658607	0.0	0.0	0.0
