Opt_Th	P	R	F1	P_5	R_5	F1_5
0.12394199	0.10147044781819918	0.376670329280828	0.15987302829031994	0.07407407407407407	0.00014177861269627478	0.00028301553047723496
