Opt_Th	P	R	F1	P_5	R_5	F1_5
0.15218048	0.6431577866748793	0.22206075213554036	0.3301364810033198	0.8642653195695146	0.1394747102399603	0.24018799975584446
