Opt_Th	P	R	F1	P_5	R_5	F1_5
0.18383391	0.1457388939256573	0.5289133832359957	0.2285125362048439	0.033950617283950615	0.0004524142469359217	0.0008929296209107882
