Opt_Th	P	R	F1	P_5	R_5	F1_5
0.14810951	0.20103729315880464	0.4687011598256149	0.2813827160493827	0.0	0.0	0.0
