Opt_Th	P	R	F1	P_5	R_5	F1_5
0.14006548	0.15020295977706236	0.34828620604868454	0.20988869000343768	0.0	0.0	0.0
