Opt_Th	P	R	F1	P_5	R_5	F1_5
0.13425688	0.4284608437620952	0.27317594801349016	0.33363471971066905	0.5593879038134564	0.0947190918812207	0.16200626077169286
