Opt_Th	P	R	F1	P_5	R_5	F1_5
0.12659805	0.6543724441648318	0.2949349590614256	0.4066065625839869	0.7896697713801862	0.1652784177506823	0.27334544815053635
