Opt_Th	P	R	F1	P_5	R_5	F1_5
0.15345022	0.8944616576297444	0.1817162527661667	0.3020657069753374	0.9613370922271446	0.16433734939759037	0.28069143932267165
