Opt_Th	P	R	F1	P_5	R_5	F1_5
0.0792436	0.6152282240382699	0.3035751167937054	0.40654614903355396	0.926880101893128	0.15746250307351856	0.2691932609207385
