Epoch	Train Loss	Test Loss
1	0.3082938068563288	0.10610033494645152
2	0.0997565079277212	0.07265538658047545
3	0.08098978039893237	0.06581172805236674
4	0.07519510198723187	0.06384228276966632
5	0.0719721212305806	0.06316619880240538
6	0.06971099567684261	0.06341587439521976
7	0.06813980296254157	0.06381343442133103
8	0.06700351538983258	0.06429997960041309
9	0.06619978524067185	0.06391714937214193
