Epoch	Train Loss	Test Loss
1	0.2777369884837523	0.09354279716225232
2	0.08586807371385326	0.06498465212244614
3	0.07301053951491512	0.06009057923859241
4	0.06925152487845243	0.058653355776971464
5	0.06686987722113774	0.059210011589468696
6	0.06525497282667794	0.060466595395815136
7	0.0641493205984495	0.059550284882824794
8	0.06333076464871504	0.06009887334178476
