Opt_Th	P	R	F1	P_5	R_5	F1_5
0.09992675	0.4359344894026975	0.2268920012307552	0.298449292850558	0.7017378312495085	0.10169684675958109	0.17764860453079587
