Opt_Th	P	R	F1	P_5	R_5	F1_5
0.1277935	0.68901938239159	0.19121149616528588	0.29934970518184173	0.8802175479981652	0.15308087657120717	0.2608045664582767
