Opt_Th	P	R	F1	P_5	R_5	F1_5
0.2248803	0.9813138621354389	0.9850924145576746	0.9831995080035864	0.9963290136544379	0.9430981705159328	0.9689830870462843
