Opt_Th	P	R	F1	P_5	R_5	F1_5
0.2172986	0.7385417360602226	0.7940302248961467	0.7652814689538536	0.819631203188647	0.6701403810342358	0.7373854792631269
