Opt_Th	P	R	F1	P_5	R_5	F1_5
0.38942227	0.910673029579972	0.947211881266127	0.928583152305093	0.9282794205199444	0.921349642498375	0.9248015500350933
