Opt_Th	P	R	F1	P_5	R_5	F1_5
0.3939996	0.7439821242840009	0.8036230715475998	0.7726533892545475	0.7926538501603028	0.7362737192925872	0.7634242589764454
