Opt_Th	P	R	F1	P_5	R_5	F1_5
0.48783848	0.7530595973689456	0.7441745947330064	0.7485907330169707	0.7641250798754973	0.7301699856211468	0.7467617493604077
