Epoch	Train Loss	Test Loss
1	0.5395594228591237	0.39939635914304983
2	0.32344309001096655	0.30144837757815485
3	0.20645727217197418	0.27046111083549
4	0.13854977980788266	0.26093886637169383
5	0.10388464740078364	0.2681432264006656
6	0.08368927180500967	0.26340139404587126
7	0.07119328235941273	0.27282410004864566
8	0.06155132785040353	0.26750651520231494
