Epoch	Train Loss	Test Loss
1	0.49883734126283663	0.4675178527832031
2	0.3705600780068022	0.4001607224345207
3	0.2995030612054497	0.36346302926540375
4	0.23457069499324065	0.3353676497936249
5	0.19638529735984225	0.31839441508054733
6	0.16872392805537792	0.31297916918992996
7	0.14797502078793265	0.3089482970535755
8	0.13125785590723307	0.3119766302406788
9	0.11785836909154448	0.3120485283434391
10	0.10652497915005443	0.316545058041811
11	0.09689016617608792	0.32084889709949493
