Opt_Th	P	R	F1	P_5	R_5	F1_5
0.22075103	0.7657562510928484	0.8669789632841132	0.8132299161001969	0.8322831813192122	0.7546130565722106	0.791547349338295
