Opt_Th	P	R	F1	P_5	R_5	F1_5
0.18082955	0.7143576651209642	0.8101794402095767	0.7592572082548824	0.855291636605805	0.6071224566172271	0.7101501031022844
