Opt_Th	P	R	F1	P_5	R_5	F1_5
0.5146591	0.9859384781666515	0.9905122829651132	0.9882200883292263	0.9853545638706712	0.9909638230392948	0.9881512332526621
