Opt_Th	P	R	F1	P_5	R_5	F1_5
0.5190752	0.9942320510890834	0.9942213621458904	0.9942267065887577	0.9933213073916591	0.9945707681556738	0.9939456451084359
