Epoch	Train Loss	Test Loss
1	0.5881935469429902	0.45261943340301514
2	0.32938541155872925	0.3538800925016403
3	0.18384816444883442	0.3229227289557457
4	0.11973853793108102	0.31529059261083603
5	0.08834690058773215	0.31712960451841354
6	0.07007117625890356	0.3210226371884346
7	0.05841282104151418	0.3293256014585495
8	0.04996810401930953	0.3351612314581871
