Opt_Th	P	R	F1	P_5	R_5	F1_5
0.39299765	0.7375904624420512	0.8038990059465038	0.769318573642471	0.7963260902534421	0.7302455067148722	0.7618555859970816
