Epoch	Train Loss	Test Loss
1	0.5609521333660398	0.4432031437754631
2	0.3129669741860458	0.3527289554476738
3	0.17820469183581217	0.32405829429626465
4	0.11857390310615301	0.3157406821846962
5	0.08969835597755653	0.3194580674171448
6	0.07235986120732767	0.3101898729801178
7	0.06079812723744128	0.2924872525036335
8	0.05279060426567282	0.31220754235982895
9	0.0468520629552326	0.30459771305322647
10	0.041133686866877336	0.3197884261608124
11	0.03737117878959647	0.3183189556002617
