Opt_Th	P	R	F1	P_5	R_5	F1_5
0.4883694	0.755530953698909	0.7576278470133219	0.756577947447944	0.7666192840923776	0.7435718378455809	0.7549196942290737
