Opt_Th	P	R	F1	P_5	R_5	F1_5
0.43114385	0.75161583682484	0.8287315570835124	0.788292201045765	0.7691414322556404	0.8063672826242658	0.7873145744280982
