Opt_Th	P	R	F1	P_5	R_5	F1_5
0.15955526	0.4802849255020969	0.2881891755184623	0.36022792833376804	0.6673347673054361	0.17262266059686393	0.27429271821250606
