Opt_Th	P	R	F1	P_5	R_5	F1_5
0.13532667	0.3891675902700811	0.30206576489897563	0.340128857931263	0.6557406412323123	0.1657592393457468	0.2646258933653785
