Opt_Th	P	R	F1	P_5	R_5	F1_5
0.14988026	0.43145672892508335	0.33103175052351574	0.3746309094519205	0.6750924495623274	0.1632463636878148	0.2629161045684909
