Opt_Th	P	R	F1	P_5	R_5	F1_5
0.16079056	0.4299182649510399	0.268715225088518	0.3307187101192144	0.7522093813732155	0.027984319676277188	0.053961132379117795
