Opt_Th	P	R	F1	P_5	R_5	F1_5
0.16223057	0.7653859004343468	0.34651338677960974	0.47705122865472716	0.9258738449176376	0.1394342762063228	0.24236846948702442
