Opt_Th	P	R	F1	P_5	R_5	F1_5
0.14893495	0.19201240791004265	0.3304613468183234	0.24289326822462504	0.0	0.0	0.0
