Opt_Th	P	R	F1	P_5	R_5	F1_5
0.13700537	0.14216132951488328	0.2966777972720584	0.1922167260086611	0.11746031746031746	0.00041881260965532857	0.0008346492217459959
