Opt_Th	P	R	F1	P_5	R_5	F1_5
0.1882342	0.11641214248375775	0.3772802904250492	0.17792457002632275	0.06985294117647059	0.0017243987293904099	0.0033657110802751615
