Opt_Th	P	R	F1	P_5	R_5	F1_5
0.061186224	0.15747691434627856	0.2798296086485845	0.20153691287711908	0.8506104699782573	0.09427505820592291	0.16973770721597187
