Opt_Th	P	R	F1	P_5	R_5	F1_5
0.14836471	0.7843671365401998	0.23806222472676583	0.3652637387015853	0.9016326093169477	0.18713760325063397	0.3099448599393337
