Opt_Th	P	R	F1	P_5	R_5	F1_5
0.13808233	0.44469862741197536	0.2705188322492815	0.3363993755055208	0.7179578088991314	0.12252306761458176	0.20932396113293367
