Opt_Th	P	R	F1	P_5	R_5	F1_5
0.109628744	0.17059334150326796	0.4224709155285786	0.24304524952713516	0.0	0.0	0.0
