Opt_Th	P	R	F1	P_5	R_5	F1_5
0.20139687	0.10526173307043232	0.9994880731946411	0.19046456703781758	0.11032866996503769	0.33617035181352795	0.16613352320247263
