Opt_Th	P	R	F1	P_5	R_5	F1_5
0.10055159	0.2052447732437143	0.9999319281878208	0.3405820932586594	0.0	0.0	0.0
