Opt_Th	P	R	F1	P_5	R_5	F1_5
0.06409121	0.10523724960504488	0.9999994553970156	0.19043376286046979	0.11620984730371446	0.15953000762444178	0.13446701661047217
