Opt_Th	P	R	F1	P_5	R_5	F1_5
0.058435086	0.20524760586623444	0.9999104318260801	0.3405847462229216	0.22093023255813954	0.0004084308730747321	0.0008153544109600798
