Opt_Th	P	R	F1	P_5	R_5	F1_5
0.10251209	0.2124346846586069	0.9202664115765073	0.3451863966494899	0.25631915541569383	0.009046385565909636	0.017475983499903102
