Epoch	Train Loss	Test Loss
1	0.30241220588969125	0.2640711079750742
2	0.2441896771922153	0.26713169277423904
3	0.2358900908666854	0.2694023537139098
4	0.23087095445050007	0.2741348420580228
5	0.22703952325164375	0.2757424845227173
