Opt_Th	P	R	F1	P_5	R_5	F1_5
0.48932213	0.11256216208416173	0.7816664851323385	0.1967865151023754	0.11448668150904776	0.5228308463130378	0.1878409614419281
