Epoch	Train Loss	Test Loss
1	0.31221265983506036	0.27181506831021535
2	0.24750135330481843	0.26470468619040083
3	0.2360695202319469	0.2667130668248449
4	0.22652316627904526	0.26801127372753053
5	0.22103496522348454	0.27298002193371457
6	0.21808218810875454	0.27027941459701177
