Opt_Th	P	R	F1	P_5	R_5	F1_5
0.19950505	0.23827457030716734	0.5988112704627172	0.3409005175224703	0.28841602114287074	0.2855133484212921	0.2869573445853818
