Opt_Th	P	R	F1	P_5	R_5	F1_5
0.20801228	0.24965188781846767	0.546692905354561	0.3427734243980276	0.2733161586305467	0.3769990178323696	0.31689226113980445
