Opt_Th	P	R	F1	P_5	R_5	F1_5
0.4518509	0.23569021246629662	0.5118234580431825	0.3227547116006961	0.24487252914564464	0.44096830173444956	0.31488654059925103
