Opt_Th	P	R	F1	P_5	R_5	F1_5
0.5006774	0.01995791870205271	0.5635701683714575	0.03855062970376874	0.019619406296181138	0.572707710821257	0.0379391216199555
