Opt_Th	P	R	F1	P_5	R_5	F1_5
0.49372134	0.01852914527705852	0.7026017781937295	0.03610609390431618	0.016215457561543117	0.448731867103416	0.03129985768934498
