Epoch	Train Loss	Test Loss
1	0.20940537093083064	0.09175431910488341
2	0.09006903963287671	0.06643915449579557
3	0.07705604976415634	0.0608575529522366
4	0.07041762329638004	0.05782889872789383
5	0.06689136438071727	0.05716299994124307
6	0.06526591376463572	0.056563396834664874
7	0.06434615717331568	0.05703725417455038
8	0.06372457374135654	0.05786394907368554
9	0.06330629363159339	0.05700419429275724
10	0.0630074826379617	0.05727789145376947
