Opt_Th	P	R	F1	P_5	R_5	F1_5
0.09977372	0.5147395171537484	0.10935053717000486	0.1803811559355241	0.7583619881212879	0.06548615235113103	0.12056156044229097
