Opt_Th	P	R	F1	P_5	R_5	F1_5
0.32654437	0.04776837223117082	0.1705742578296297	0.07463549045637599	0.02046783625730994	7.138705038905942e-05	0.00014227786867752722
