Epoch	Train Loss	Test Loss
1	0.17143224740028382	0.06498373672366142
2	0.07271304074426492	0.06090604431099362
3	0.06818066078921159	0.060340625296036406
4	0.06597411187489828	0.06012412077850766
5	0.06471449312071005	0.060827579349279404
6	0.06388854623834292	0.06127641912963655
7	0.06333695037662983	0.06089097493224674
8	0.06292145583530268	0.06158955900205506
