Opt_Th	P	R	F1	P_5	R_5	F1_5
0.3197354	0.05932713906473351	0.11851270179589422	0.07907136563277165	0.06182883176049463	0.0019376485105601843	0.003757539800257095
