Opt_Th	P	R	F1	P_5	R_5	F1_5
0.21981518	0.03085651344642286	0.35656527842770236	0.05679784430869917	0.01217717114947143	0.0008516612072999532	0.0015919806163239244
