Opt_Th	P	R	F1	P_5	R_5	F1_5
0.083744265	0.175454995326332	0.08613615505047778	0.1155468650987634	0.3113787801127627	0.032797063110727206	0.059343557682914924
