Opt_Th	P	R	F1	P_5	R_5	F1_5
0.13965555	0.08184636883706713	0.25295578470010255	0.12367610085719376	0.0	0.0	0.0
