Opt_Th	P	R	F1	P_5	R_5	F1_5
0.39729565	0.058208506363456036	0.08513804398689752	0.06914374099789841	0.1277896667685723	0.003912026204960225	0.007591649185895515
