Opt_Th	P	R	F1	P_5	R_5	F1_5
0.5134769	0.9927823150178788	0.943131968274319	0.9673204510257984	0.992127779815786	0.9433519363475245	0.967125260344936
