Opt_Th	P	R	F1	P_5	R_5	F1_5
0.653204	0.9519545687618742	0.9568723838465091	0.9544071412864538	0.9438765139365316	0.9637782842501974	0.9537235856408481
