Opt_Th	P	R	F1	P_5	R_5	F1_5
0.3663312	0.9603452583265774	0.9843760279927811	0.9722121699839054	0.969521739745146	0.9717248213253654	0.9706220304188238
