Opt_Th	P	R	F1	P_5	R_5	F1_5
0.43048906	0.861826161896342	0.845131658002016	0.8533972715932018	0.9009779171695321	0.7999414080926348	0.8474588218460944
