Opt_Th	P	R	F1	P_5	R_5	F1_5
0.35923004	0.9615436673427673	0.973582001360524	0.9675253893711293	0.9740862793604789	0.9572428038710382	0.9655910940948191
