Opt_Th	P	R	F1	P_5	R_5	F1_5
0.44359407	0.8398666004059467	0.851880980071237	0.845831128638124	0.8813564176684175	0.8097885662404387	0.8440581459324276
