Opt_Th	P	R	F1	P_5	R_5	F1_5
0.56192183	0.9231823936985831	0.911909071483339	0.9175111054903015	0.9165818953608118	0.9173768493030154	0.9169792000402053
