Opt_Th	P	R	F1	P_5	R_5	F1_5
0.41215536	0.7063123380868813	0.9030192189247961	0.7926441423176965	0.7467091857817447	0.8233750644192215	0.7831703602743268
