Opt_Th	P	R	F1	P_5	R_5	F1_5
0.27220622	0.9642051002929547	0.9754314153581742	0.9697857697410892	0.9745752023370922	0.9620079172524644	0.9682507826515716
