Opt_Th	P	R	F1	P_5	R_5	F1_5
0.5083442	0.042390863775336275	0.2585756623112945	0.07284029768480188	0.0370028788281476	0.5151987752562465	0.06904665247635558
