Opt_Th	P	R	F1	P_5	R_5	F1_5
0.16292769	0.16948223375127863	0.2874812983126922	0.2132466561595641	0.2761942360836952	0.01817180616740088	0.03410004825478526
