Opt_Th	P	R	F1	P_5	R_5	F1_5
0.1137859	0.399908592321755	0.13090963494913227	0.19724977457168624	0.7840986977381769	0.0684619988031119	0.12592877978975178
