Opt_Th	P	R	F1	P_5	R_5	F1_5
0.17705229	0.03612898454814434	0.9799300848151423	0.06968862334890409	0.031623100613403246	0.12714493892654813	0.05064894934534346
