Opt_Th	P	R	F1	P_5	R_5	F1_5
0.1397376	0.10948992831986573	0.27923697115784224	0.15730136503240286	0.1994935506844979	0.013096376028592802	0.024579175461773583
