Opt_Th	P	R	F1	P_5	R_5	F1_5
0.12772803	0.1393598178137652	0.3295930580490724	0.1958918726658367	0.0	0.0	0.0
