Epoch	Train Loss	Test Loss
1	0.24359619425798673	0.11040900200605393
2	0.1225507601123789	0.09910285323858262
3	0.11476617180944784	0.0978557500988245
4	0.11195867478955483	0.09866180419921874
5	0.11004218171634104	0.09903444796800613
6	0.10841411612657965	0.10066920220851898
7	0.10707761282506197	0.10107119344174861
