Epoch	Train Loss	Test Loss
1	0.7411209344863892	0.6946731255168006
2	0.7314872145652771	0.6951589680853344
3	0.7228761315345764	0.6954096033459618
4	0.714961588382721	0.6954199382237025
5	0.7074843049049377	0.6951950777144659
