Opt_Th	P	R	F1	P_5	R_5	F1_5
0.12769161	0.03298394725902654	0.9538172221760453	0.0637629097440503	0.027500163302632438	0.015309409026681074	0.019669023790375058
