Opt_Th	P	R	F1	P_5	R_5	F1_5
0.50047606	0.042411928424370283	0.546423191538134	0.07871426313840466	0.042109111300094024	0.5563742345351541	0.07829265335311386
