Opt_Th	P	R	F1	P_5	R_5	F1_5
0.16537903	0.8182906153385858	0.2455116696588869	0.3777015674269801	0.9265347686936282	0.1905745062836625	0.31612647044224945
