Opt_Th	P	R	F1	P_5	R_5	F1_5
0.13632128	0.15377833769659247	0.2912368382504463	0.2012781553656272	0.0	0.0	0.0
