Opt_Th	P	R	F1	P_5	R_5	F1_5
0.99726945	0.24070237499603817	0.7690713346210558	0.3666510526499197	0.1681886735871652	0.9728348886088578	0.2867947954020115
