Opt_Th	P	R	F1	P_5	R_5	F1_5
0.04247201	0.22811454114579657	0.9999697800193824	0.371485318389801	0.23320484581497797	0.002647895543073893	0.005236335760196017
