Opt_Th	P	R	F1	P_5	R_5	F1_5
0.062565655	0.21438324965412214	0.9863134205579414	0.352210648238641	0.8055996115876355	0.019462107966257025	0.038006045479290144
