Epoch	Train Loss	Test Loss
1	0.3554532247880645	0.30164977526941966
2	0.2798263150102952	0.28528498355732407
3	0.2606539788064554	0.28212401975494944
4	0.25108806935011174	0.2970166197118833
5	0.24657594215905865	0.2805044373800588
6	0.24332607684721594	0.28142886412467144
7	0.24000874485365406	0.28093995881635087
8	0.23600193781730455	0.2809841938952143
9	0.23167118151443217	0.28557645252277686
