Epoch	Train Loss	Test Loss
1	0.3535001428609484	0.2931912253191183
2	0.26344797082161636	0.27744377607090787
3	0.24265646059095955	0.2741142885739004
4	0.23333972312187115	0.27448807656764984
5	0.2257553663337977	0.2827307559795432
6	0.21831853807355198	0.28396568564022634
7	0.21338956225454137	0.2836196179818976
