Opt_Th	P	R	F1	P_5	R_5	F1_5
0.13722965	0.12262464184524256	0.9997657991386071	0.21845503769798852	0.0	0.0	0.0
