Epoch	Train Loss	Test Loss
1	0.34279807485066927	0.2835754068322884
2	0.26460016313181745	0.2796001499013383
3	0.2493571457235342	0.2804067831977393
4	0.2403230392240651	0.2845038972044176
5	0.23432758302170767	0.28591024095928946
6	0.2297323675177216	0.2850334856283757
