Opt_Th	P	R	F1	P_5	R_5	F1_5
0.107761346	0.1326956614991637	0.9924929504559659	0.23409321280841944	0.0	0.0	0.0
