Opt_Th	P	R	F1	P_5	R_5	F1_5
0.106079355	0.23412917924581372	0.9368016839823682	0.37462947860508516	0.24750364291740165	0.016814814042912372	0.0314902544336838
