Opt_Th	P	R	F1	P_5	R_5	F1_5
0.15386944	0.6133177887301242	0.9999962321592741	0.7603175450099533	0.8025369953847269	0.5112036743982759	0.6245674969459372
