Opt_Th	P	R	F1	P_5	R_5	F1_5
0.22625369	0.6196790985437058	0.9999967678857125	0.7651865518452383	0.8298528527743655	0.47890668347366094	0.60732635214665
