Opt_Th	P	R	F1	P_5	R_5	F1_5
0.21318054	0.620032516750952	0.9967668083410096	0.7645077817611499	0.8333274591351614	0.4585152744334373	0.591547807932904
