Opt_Th	P	R	F1	P_5	R_5	F1_5
0.46968848	0.6133084059019315	0.9999566698316529	0.760298899877422	0.7483583514812641	0.5920351614896535	0.6610811723332385
