Opt_Th	P	R	F1	P_5	R_5	F1_5
0.48251465	0.6192470128142455	0.9990012766851436	0.7645656854996803	0.7486335995508759	0.5976567171415181	0.664679666639308
