Opt_Th	P	R	F1	P_5	R_5	F1_5
0.1430959	0.15573084737659854	0.36378172588832486	0.21809688291729115	0.0	0.0	0.0
