Epoch	Train Loss	Test Loss
1	0.25103918158807803	0.08629892461124014
2	0.08997906756031421	0.06737178499947806
3	0.07656257158718059	0.06448631391662066
4	0.07221359133874415	0.06531223737191959
5	0.06957589519193313	0.06554781563091473
6	0.06778962753270332	0.06590684726223593
7	0.06664893580769075	0.06638449925135394
