Opt_Th	P	R	F1	P_5	R_5	F1_5
0.07993339	0.3318292025862069	0.2786922337236269	0.30294831985734927	0.6356981981981982	0.09123011159325431	0.15956131238826116
