Opt_Th	P	R	F1	P_5	R_5	F1_5
0.07489517	0.42990015935477577	0.33550761421319797	0.3768834908551797	0.761867804941146	0.14949238578680202	0.2499416519912584
