Opt_Th	P	R	F1	P_5	R_5	F1_5
0.14381048	0.7735281187650063	0.19351945854483926	0.30958713143986305	0.895403627311522	0.170414551607445	0.28633365554102463
