Opt_Th	P	R	F1	P_5	R_5	F1_5
0.14079475	0.15493647700286467	0.35269448013381494	0.21529514479778625	0.0	0.0	0.0
