Epoch	Train Loss	Test Loss
1	0.2493017764697126	0.08475353053460519
2	0.08139087924928512	0.06245919754728675
3	0.0706032462837549	0.059536909529318414
4	0.06669528196108884	0.059876888214300074
5	0.06430586489371895	0.060850154422223565
6	0.06282803376302643	0.06184460495909055
7	0.06191455329151639	0.06343126089001695
