Opt_Th	P	R	F1	P_5	R_5	F1_5
0.13123646	0.6603231694223749	0.198791140416798	0.30558540205827006	0.8210109392682007	0.17587452425395747	0.28969207323160057
