Opt_Th	P	R	F1	P_5	R_5	F1_5
0.39781266	0.9883989260149499	0.9912617166417839	0.9898282513851664	0.9909472597743477	0.9882517030023587	0.9895976457906068
