Opt_Th	P	R	F1	P_5	R_5	F1_5
0.49079907	0.985416517562066	0.9914017662381669	0.9884000810769724	0.9857006833674595	0.9909570300091065	0.9883218678252568
