Opt_Th	P	R	F1	P_5	R_5	F1_5
0.43971792	0.9574126439945614	0.9722992863042419	0.9647985441126715	0.9608086189943946	0.9685042038162605	0.9646410634469638
