Opt_Th	P	R	F1	P_5	R_5	F1_5
0.39338923	0.748609449503869	0.7971384649604466	0.7721121689356487	0.7957243534618369	0.730602334927087	0.761774101206607
