Opt_Th	P	R	F1	P_5	R_5	F1_5
0.41049978	0.7324614071323176	0.8369489284649941	0.7812269053370762	0.7733248203030048	0.7802290441280902	0.7767615905181278
