Opt_Th	P	R	F1	P_5	R_5	F1_5
0.40605125	0.7430384654950029	0.795442512547915	0.7683479904508828	0.7818652387327086	0.7421419343908172	0.761485891850194
