Epoch	Train Loss	Test Loss
1	0.4003853328358322	0.29261726541679445
2	0.1583958131611539	0.3005368410288787
3	0.08847996271499867	0.3019862789817217
4	0.0626097450757525	0.3050568198957363
5	0.04762888850698134	0.3025792639295594
