Opt_Th	P	R	F1	P_5	R_5	F1_5
0.10773506	0.14112850305793007	0.3346889654313815	0.19853896003988014	0.21052631578947367	8.299788355396937e-05	0.00016593035073527885
