Opt_Th	P	R	F1	P_5	R_5	F1_5
0.17183691	0.49171669043775373	0.32548657509233514	0.3916949141961783	0.7396136955423419	0.1974415902394489	0.3116795912184017
