Epoch	Train Loss	Test Loss
1	0.25876001100987195	0.12594234434056417
2	0.12408917139594754	0.10843320601319863
3	0.11464683252076308	0.10793510904419894
4	0.11143468831044932	0.10958784862847651
5	0.10936615898584326	0.10901545207042479
6	0.10756935575045645	0.1100005078534622
7	0.10622214251197874	0.10949253495045974
