Opt_Th	P	R	F1	P_5	R_5	F1_5
0.1305362	0.18957463991536	0.3685985918507105	0.25037727123644116	0.0	0.0	0.0
