Opt_Th	P	R	F1	P_5	R_5	F1_5
0.12333324	0.4613672051453032	0.2295037236774525	0.30652756440030016	0.8348634977827051	0.1289243066255778	0.22335662909684115
