Opt_Th	P	R	F1	P_5	R_5	F1_5
0.094726205	0.21615515299765548	0.9758067679115735	0.35391342208848364	0.26956067607773626	0.009970923749039231	0.019230519544668083
