Opt_Th	P	R	F1	P_5	R_5	F1_5
0.47489914	0.9696996234346265	0.9888176694713446	0.979165336149935	0.9713526400125063	0.9864264168915701	0.9788314987298898
