Opt_Th	P	R	F1	P_5	R_5	F1_5
0.43070877	0.9628394473558838	0.9625337355135736	0.9626865671641791	0.9758387465384655	0.940546118431497	0.9578674535046456
