Opt_Th	P	R	F1	P_5	R_5	F1_5
0.10055159	0.2149643244371109	0.9999218506240535	0.3538562369408536	0.0	0.0	0.0
