Opt_Th	P	R	F1	P_5	R_5	F1_5
0.056394786	0.2164092259258349	0.9819738366426326	0.35465821322906604	0.2044345164226028	0.0007232475953700446	0.001441395826485342
