Epoch	Train Loss	Test Loss
1	0.28329723013929214	0.27092637635246225
2	0.2350668328580456	0.2720983529869666
3	0.22221803610889287	0.2762615330471301
4	0.21748273283455546	0.28002839800690915
5	0.21493264531343587	0.280969974512058
