Epoch	Train Loss	Test Loss
1	0.2746295427058485	0.27652241006003
2	0.23557635320620413	0.2788192975055043
3	0.22761438146339744	0.28315655339064666
4	0.22253169664436168	0.28513926669280715
5	0.21889379712578236	0.2838381512297524
