Opt_Th	P	R	F1	P_5	R_5	F1_5
0.30902877	0.040298242499556186	0.09713307659392384	0.05696361355081556	0.05128205128205128	0.0008557980316645272	0.0016835016835016832
