Opt_Th	P	R	F1	P_5	R_5	F1_5
0.11707028	0.7541884555174366	0.19120037491925304	0.3050620248773144	0.9148295819935691	0.15015347201405102	0.2579662418487919
