Opt_Th	P	R	F1	P_5	R_5	F1_5
0.32623696	0.0409227915603988	0.15104835258878904	0.06439843108638146	0.14285714285714285	0.0004278990158322636	0.0008532423208191126
