Opt_Th	P	R	F1	P_5	R_5	F1_5
0.13965482	0.15352277987171858	0.39209883006615975	0.2206514598388398	0.0	0.0	0.0
