Epoch	Train Loss	Test Loss
1	0.1715074284672737	0.06637838665191634
2	0.07270343967278799	0.062439046155677067
3	0.0681941183010737	0.06174658785892438
4	0.06595228943725427	0.06293863239639168
5	0.06468919409314791	0.06413080335795125
6	0.06386579133570194	0.06412748274892442
7	0.06333678092062474	0.06623603847616584
