Opt_Th	P	R	F1	P_5	R_5	F1_5
0.23501325	0.04456273095196199	0.3663652802893309	0.07946032866611757	0.005571030640668524	0.0007233273056057866	0.0012804097311139566
