Opt_Th	P	R	F1	P_5	R_5	F1_5
0.33292225	0.052581185669831644	0.2383363471971067	0.08615505294809779	0.16901408450704225	0.00433996383363472	0.00846262341325811
