Epoch	Train Loss	Test Loss
1	0.2094053518672784	0.09535384681154405
2	0.0900690348247687	0.06945439792760817
3	0.07705602986613909	0.06384243333578613
4	0.0704176519960165	0.060791670034329094
5	0.06689153366784255	0.06090193630868121
6	0.06526585066815217	0.059902352316281465
7	0.06434620115657648	0.06142167351699831
8	0.06372456238667171	0.0627729027425941
9	0.0633065573622783	0.061187384029229484
10	0.06300721489389738	0.06166276258695478
