Opt_Th	P	R	F1	P_5	R_5	F1_5
0.49372226	0.02128924076157324	0.725497287522604	0.04136466270066295	0.018358625501482644	0.45678119349005425	0.03529855647629295
