Opt_Th	P	R	F1	P_5	R_5	F1_5
0.5008846	0.01777291680907786	0.5562687205819427	0.03444529821679341	0.01745258166491043	0.5669661959777492	0.03386278543772442
