Opt_Th	P	R	F1	P_5	R_5	F1_5
0.11552145	0.5058731831554911	0.19455691552917234	0.2810305449422613	0.7326925153904309	0.114569919485246	0.1981547134402144
