Opt_Th	P	R	F1	P_5	R_5	F1_5
0.36022517	0.9761386747150502	0.9838700904153304	0.9799891339627875	0.9890209648417679	0.9679275388012313	0.978360571614458
