Opt_Th	P	R	F1	P_5	R_5	F1_5
0.52734274	0.9623748969920136	0.9667759159242333	0.9645703863820588	0.9608831227533298	0.9682284694332887	0.9645418119054407
