Opt_Th	P	R	F1	P_5	R_5	F1_5
0.57853377	0.9599828728661276	0.9643304672264573	0.9621517587939697	0.9553867846627602	0.9684835689074411	0.9618905984804261
