Opt_Th	P	R	F1	P_5	R_5	F1_5
0.36609963	0.9818894365535884	0.9873667080208747	0.9846204550702409	0.990783405432123	0.9746068420285997	0.9826285514035966
