Opt_Th	P	R	F1	P_5	R_5	F1_5
0.22814082	0.9842847045689112	0.9848492915371209	0.9845669171142771	0.9920617653156103	0.9710667878830497	0.9814520096067595
