Opt_Th	P	R	F1	P_5	R_5	F1_5
0.5237682	0.9988817970107323	0.9979073381649202	0.9983943298135852	0.9980982040645503	0.9981319915678037	0.9981150975302392
