Opt_Th	P	R	F1	P_5	R_5	F1_5
0.4284483	0.8433952467720762	0.8648430632920293	0.8539845108109381	0.8970055151849338	0.8056456028087376	0.8488744891619239
