Opt_Th	P	R	F1	P_5	R_5	F1_5
0.25281116	0.06983400114481969	0.9037037037037037	0.1296493092454835	0.059027777777777776	0.1259259259259259	0.08037825059101655
