Opt_Th	P	R	F1	P_5	R_5	F1_5
0.10279017	0.3816666800073641	0.2183071830489385	0.2777473583652737	0.8031053345319904	0.12065681700600228	0.2097945520366674
