Opt_Th	P	R	F1	P_5	R_5	F1_5
0.17775978	0.5271750007147554	0.5546731642751858	0.5405746115508648	0.7418767871068365	0.25755798213157655	0.38236870310825294
