Opt_Th	P	R	F1	P_5	R_5	F1_5
0.24458434	0.06633663366336634	0.9925925925925926	0.12436194895591648	0.059907834101382486	0.28888888888888886	0.09923664122137403
