Opt_Th	P	R	F1	P_5	R_5	F1_5
0.49601808	0.07646559048428207	0.6666666666666666	0.13719512195121952	0.0735444330949949	0.5333333333333333	0.12926391382405744
