Epoch	Train Loss	Test Loss
1	0.243597775535739	0.1227105135839541
2	0.12253712514496368	0.11071326679468733
3	0.1147577259959518	0.11093608376759927
4	0.1119531198013304	0.11077661890066365
5	0.11006319841396982	0.11170768283886238
6	0.10840856094939122	0.11348244694323795
