Opt_Th	P	R	F1	P_5	R_5	F1_5
0.15597247	0.7690063593997926	0.2818026985079	0.412459458010561	0.9060690834207561	0.2135319137246643	0.34561359956426857
