Opt_Th	P	R	F1	P_5	R_5	F1_5
0.12701535	0.18773837577960117	0.3632867405009683	0.24754901578457233	0.0	0.0	0.0
