Opt_Th	P	R	F1	P_5	R_5	F1_5
0.44601315	0.3101824162679426	0.24961646060824835	0.2766230519209934	0.468828683653943	0.14002947989050327	0.2156490317798573
