Opt_Th	P	R	F1	P_5	R_5	F1_5
0.27189064	0.5663448664646606	0.48353036729537047	0.5216713995943205	0.6633044179947549	0.3956321631621695	0.49563791901415083
