Opt_Th	P	R	F1	P_5	R_5	F1_5
0.093440406	0.22421466994811065	0.8888894970770477	0.3581013729202358	0.7590156854276684	0.030233163700967437	0.05815008914988386
