Opt_Th	P	R	F1	P_5	R_5	F1_5
0.19369641	0.6133163329562746	0.9999990580398186	0.7603172431870706	0.6977851867188604	0.6793614640321924	0.6884500873901418
