Opt_Th	P	R	F1	P_5	R_5	F1_5
0.1663494	0.8183334317256037	0.2966476202705016	0.43544536416039703	0.9073399075094422	0.257701485190892	0.4013983420729713
