Opt_Th	P	R	F1	P_5	R_5	F1_5
0.14606535	0.407177831024065	0.24329792090301697	0.30459404345962515	0.6751201408383689	0.14720712121840893	0.241710318981304
