Epoch	Train Loss	Test Loss
1	0.27443445139358014	0.27263205998688633
2	0.23328143730469714	0.27537423615583784
3	0.22523253884760785	0.2779236354583659
4	0.2201205250817978	0.2824442470956284
5	0.21661255825818282	0.28164479567557876
