Opt_Th	P	R	F1	P_5	R_5	F1_5
0.06378253	0.2209921145403583	0.9671468431344564	0.3597758066170786	0.8105379173036584	0.025926572462313616	0.050245934653617
