Opt_Th	P	R	F1	P_5	R_5	F1_5
0.40687305	0.982031612329059	0.9893545148601123	0.9856794627832732	0.9874931647951982	0.9806158722541783	0.9840425026374066
