Opt_Th	P	R	F1	P_5	R_5	F1_5
0.36332136	0.5916135997657737	0.8165453317085183	0.6861147733633269	0.6868166240548332	0.6377567449819103	0.6613781384948321
