Epoch	Train Loss	Test Loss
1	0.2833628914583518	0.2740435672670784
2	0.233364274355688	0.2734599145049981
3	0.22046036454722112	0.2735986240041909
4	0.21585227357738213	0.2768151397471133
5	0.2130518575470735	0.2777373412998042
6	0.21111039367399326	0.2770090837628556
