Opt_Th	P	R	F1	P_5	R_5	F1_5
0.4597093	0.9852242106868676	0.9788479387789893	0.9820257245929263	0.9898542394554484	0.9677667843184301	0.9786859076687312
