Opt_Th	P	R	F1	P_5	R_5	F1_5
0.084551714	0.23924818097482464	0.8366744206807574	0.37209522861220556	0.4525359016539214	0.0463009031313063	0.08400671620426134
