Opt_Th	P	R	F1	P_5	R_5	F1_5
0.16461204	0.6077060640546252	0.336	0.4327390599675851	0.9201680672268907	0.19685393258426967	0.32432432432432434
