Epoch	Train Loss	Test Loss
1	0.15147821403255587	0.07004506555039527
2	0.07548090763095962	0.061226840261831755
3	0.06765223098918796	0.06236806593465904
4	0.06505902832079875	0.060839424240749236
5	0.0639337006564203	0.06230023002236589
6	0.06332538198973788	0.06353695723728454
7	0.06286839700156921	0.062022687790315015
8	0.06249225792033892	0.06228693083605983
