Opt_Th	P	R	F1	P_5	R_5	F1_5
0.39044508	0.028833298671974806	0.3489438202247191	0.05326527672011031	0.01389528635037617	0.016269662921348314	0.014989027369467101
