Opt_Th	P	R	F1	P_5	R_5	F1_5
0.1414534	0.15410768084486054	0.39322926353465343	0.22143453120036122	0.0	0.0	0.0
