Opt_Th	P	R	F1	P_5	R_5	F1_5
0.24829556	0.5347432024169184	0.30229213483146067	0.38624095555300336	0.0	0.0	0.0
