Opt_Th	P	R	F1	P_5	R_5	F1_5
0.12053152	0.48974846328049176	0.20021243795282556	0.2842298270576328	0.6931538444478943	0.12917798084751997	0.21777149147865832
