Epoch	Train Loss	Test Loss
1	0.12159142768206566	0.06166743725722979
2	0.067842787004223	0.06100421540500704
3	0.06513252038704721	0.06306002585386689
4	0.06393828867983661	0.06402777156923428
5	0.06321022285540637	0.06299020700957164
6	0.062728959317074	0.06415526274099084
