Opt_Th	P	R	F1	P_5	R_5	F1_5
0.14773613	0.773166943199068	0.18103929275520453	0.2933822716815078	0.8855417080816577	0.14360640289643029	0.2471353888829617
