Opt_Th	P	R	F1	P_5	R_5	F1_5
0.44662374	0.9766691778077051	0.9819359820021253	0.9792954985321629	0.9816278496686326	0.9747038901728456	0.9781536170869986
