Epoch	Train Loss	Test Loss
1	0.343078753054142	0.4701795129007415
2	0.15052457861602306	0.4977957902378158
3	0.09526610638946295	0.5408597150327343
4	0.0687954786606133	0.585939422445862
5	0.05309999994933605	0.6219318048342278
