Opt_Th	P	R	F1	P_5	R_5	F1_5
0.39040497	0.7430686957794912	0.8030060151429083	0.7718755480054885	0.7947692641748598	0.7310447776679714	0.7615763180738845
