Epoch	Train Loss	Test Loss
1	0.2836967382952571	0.4911709042560113
2	0.0718137570284307	0.5492657610264263
3	0.041967907641083005	0.5721404796564266
4	0.029816040359437464	0.5860446732197153
5	0.02297141049988568	0.608451693906988
