Opt_Th	P	R	F1	P_5	R_5	F1_5
0.5567729	0.4873201399212242	0.9051172390525616	0.6335392402425737	0.48238640208638073	0.9195339710449805	0.6328043908768096
