Opt_Th	P	R	F1	P_5	R_5	F1_5
0.55226624	0.4726751031213715	0.9376680691030691	0.6285170304442445	0.46638938468310287	0.9567746112704287	0.627095012942416
