Epoch	Train Loss	Test Loss
1	0.6696413251757621	0.5982858719010102
2	0.430192461758852	0.5132674523874333
3	0.318992662280798	0.5092692218328777
4	0.2767594212293625	0.519848364356317
5	0.254505355656147	0.5333797153281538
6	0.2407753450423479	0.5483804400029936
7	0.23170762732625008	0.5619630874379685
