Epoch	Train Loss	Test Loss
1	0.2673511428694273	0.1381143003024838
2	0.09316443303471496	0.06942710988787991
3	0.05286906614642719	0.07183511563661424
4	0.03706446590688851	0.0995596915935025
5	0.027803593443642402	0.10120223767378113
6	0.023361798672904742	0.13005366040901703
