Opt_Th	P	R	F1	P_5	R_5	F1_5
0.5425852	0.9769754310135057	0.9806706145094896	0.9788195353126046	0.9757391253540103	0.9818361186981284	0.97877812728814
