Opt_Th	P	R	F1	P_5	R_5	F1_5
0.57165873	0.4399412374088965	0.7748481796441649	0.5612292339253974	0.42575733171921637	0.8131307242724034	0.5588824039925592
