Opt_Th	P	R	F1	P_5	R_5	F1_5
0.28318542	0.14041994750656167	0.506508875739645	0.21988183919856147	0.5116279069767442	0.02603550295857988	0.04954954954954954
