Epoch	Train Loss	Test Loss
1	0.1823429996906368	0.11265035129563752
2	0.11397023178779067	0.11171390072897423
3	0.10956510248072639	0.11283136278737423
4	0.10737594964702579	0.1149462906080623
5	0.1058500924597993	0.11360698181182839
6	0.10465518289618517	0.11490772662814273
