Opt_Th	P	R	F1	P_5	R_5	F1_5
0.49040803	0.12055409958816922	0.762130177514793	0.20817843866171004	0.11175616835994194	0.4556213017751479	0.1794871794871795
