Opt_Th	P	R	F1	P_5	R_5	F1_5
0.21072052	0.12438106555753614	0.7431952662721893	0.21309806582965726	0.2125984251968504	0.06390532544378698	0.09827115559599636
