Opt_Th	P	R	F1	P_5	R_5	F1_5
0.13762791	0.44130407258915383	0.22238266994462072	0.29573704469414364	0.7110462729784001	0.13630660212840165	0.22876018781085425
