Opt_Th	P	R	F1	P_5	R_5	F1_5
0.15864444	0.6898528335637044	0.2887038187030531	0.40705491487205325	0.8654625705236525	0.1993292387263617	0.32402953108767535
