Opt_Th	P	R	F1	P_5	R_5	F1_5
0.4519199	0.24907034228896968	0.5220714053965164	0.33724669694430337	0.2595278858558827	0.4510649030875967	0.32948243355006485
