Opt_Th	P	R	F1	P_5	R_5	F1_5
0.23075572	0.25987713792320977	0.6006291194993711	0.3627859185971751	0.3105332081912295	0.3422601190238092	0.3256256716036084
