Opt_Th	P	R	F1	P_5	R_5	F1_5
0.08455098	0.22117359764418587	0.8633993158750631	0.35214070075930837	0.30223068552774757	0.06230022991083946	0.10330559300757823
