Epoch	Train Loss	Test Loss
1	0.31216252561561286	0.2834302832682927
2	0.24757253973850257	0.2682417780160904
3	0.23593241651192226	0.26737751066684723
4	0.22647423646984266	0.26853932936986286
5	0.22102246704265793	0.269205500682195
6	0.21813744911813396	0.2725123465061188
7	0.2162565470142961	0.2666322390238444
8	0.21486490734824093	0.275478591521581
9	0.21369571940160798	0.276908482114474
10	0.21268066737921767	0.2796712815761566
11	0.2118672115030689	0.276325265566508
