Opt_Th	P	R	F1	P_5	R_5	F1_5
0.125153	0.1072571651208955	0.9993151347311969	0.1937220160454051	0.11790270430573375	0.18315090773220802	0.14345609190004177
