Opt_Th	P	R	F1	P_5	R_5	F1_5
0.1911551	0.10453418696824213	0.9998214831670938	0.18927874177246903	0.10938361851170059	0.3361088939001277	0.16505241279913854
