Opt_Th	P	R	F1	P_5	R_5	F1_5
0.17540178	0.1047500844602353	0.9827358491211294	0.1893204500742857	0.10136909791820417	0.12438656212830368	0.11170442941271316
