Opt_Th	P	R	F1	P_5	R_5	F1_5
0.09922543	0.20076909115658606	0.9924858408568384	0.3339780543263924	0.0	0.0	0.0
