Opt_Th	P	R	F1	P_5	R_5	F1_5
0.07800382	0.2007950271390284	0.9998878483709975	0.33443053406480044	0.0	0.0	0.0
