Opt_Th	P	R	F1	P_5	R_5	F1_5
0.4971852	0.11511945882281678	0.7151162688469823	0.1983142741787627	0.10539317757253559	0.5070631676117632	0.1745136576175649
