Opt_Th	P	R	F1	P_5	R_5	F1_5
0.4778154	0.109509024768644	0.9538599498879071	0.1964628936288645	0.10527218374640221	0.506223570266825	0.17429805638433332
