Epoch	Train Loss	Test Loss
1	0.30261722590511786	0.2649429837862651
2	0.2443779233610073	0.26534566779931384
3	0.2357791504237922	0.26626837253570557
4	0.23072094059094303	0.26662929852803546
5	0.22683065214142004	0.2697869886954625
