Opt_Th	P	R	F1	P_5	R_5	F1_5
0.48928156	0.11176929151782365	0.7814776132367838	0.19556787424303604	0.11375932425735835	0.5230153339803714	0.1868726093293463
