Epoch	Train Loss	Test Loss
1	0.760351836681366	0.6937260278213171
2	0.7431614398956299	0.6939461371045054
3	0.7299153208732605	0.6940929646845218
4	0.7192716598510742	0.6941398279166516
5	0.7093361616134644	0.6940672081193806
