Opt_Th	P	R	F1	P_5	R_5	F1_5
0.21662413	0.27070478960864086	0.5575441005880079	0.36445532311279216	0.3009307042437824	0.4088465623986098	0.3466847692439599
