Opt_Th	P	R	F1	P_5	R_5	F1_5
0.07306637	0.44406235671710226	0.3377506538796861	0.3836783202931563	0.7732589048378522	0.16907875617553036	0.27748366480660086
