Opt_Th	P	R	F1	P_5	R_5	F1_5
0.30242354	0.037897821670804764	0.11553951153477353	0.05707471203517435	0.04647006255585344	0.0005866095098426308	0.0011585936455594673
