Opt_Th	P	R	F1	P_5	R_5	F1_5
0.5213572	0.02324827259347951	0.07045767247766069	0.03496083785973653	0.014385048457411667	0.4101967069353936	0.027795351219824547
