Opt_Th	P	R	F1	P_5	R_5	F1_5
0.16505572	0.018734545539875806	0.5477388371162312	0.03622990418295524	0.019130819418334624	0.002472700245840718	0.004379358790993203
