Opt_Th	P	R	F1	P_5	R_5	F1_5
0.14529493	0.8474295190713101	0.2970066841034583	0.43985366903378526	0.9235970250169033	0.23818657367044463	0.37870806764624343
