Opt_Th	P	R	F1	P_5	R_5	F1_5
0.35508156	0.045883822337138724	0.08978903436052828	0.06073232628398793	0.37401574803149606	0.001357841175461666	0.0027058588965792247
