Opt_Th	P	R	F1	P_5	R_5	F1_5
0.52194077	0.0520731636354232	0.09085678831293362	0.06620306437824687	0.015436261499007677	0.43484686107507475	0.029814174784990585
