Opt_Th	P	R	F1	P_5	R_5	F1_5
0.28435016	0.0326147962770295	0.32711376840205314	0.059315550464345626	0.01642710472279261	9.024761689886626e-05	0.00017950904276802944
