Opt_Th	P	R	F1	P_5	R_5	F1_5
0.14261545	0.22171245520686286	0.4746875908166231	0.30225199385651635	0.0	0.0	0.0
