Epoch	Train Loss	Test Loss
1	0.21010997180370677	0.09604109171777964
2	0.09028696714831679	0.06869131326675415
3	0.07713849734539954	0.062259873608127236
4	0.07044632533352647	0.058897104347124696
5	0.06694999399701221	0.059364924440160394
6	0.06526677737000004	0.05845439410768449
7	0.06431241026960763	0.05985133512876928
8	0.06373251274528119	0.06036715558730066
9	0.06332081480314268	0.061632982455193996
10	0.06296590446125741	0.060913029592484236
