Epoch	Train Loss	Test Loss
1	0.17205425536872557	0.06629561772570014
2	0.07271382597668859	0.06196364667266607
3	0.06812127560577136	0.06280844518914819
4	0.06593889368060452	0.06522060139104724
5	0.06469239510045756	0.06604270520620048
6	0.06387981481400112	0.06626217951998115
