Opt_Th	P	R	F1	P_5	R_5	F1_5
0.21563332	0.03002698939922076	0.3981614478598104	0.05584265493293749	0.01640230713770728	0.0013758901707010991	0.0025388145688897564
