Opt_Th	P	R	F1	P_5	R_5	F1_5
0.39702523	0.05936694504588102	0.08705907255930691	0.07059443753103373	0.11551433389544688	0.004142790184308804	0.007998715534731648
