Opt_Th	P	R	F1	P_5	R_5	F1_5
0.526299	0.033962187683641	0.04791035389628952	0.03974813532390224	0.014498151501484622	0.4590074895660625	0.02810847241034483
