Opt_Th	P	R	F1	P_5	R_5	F1_5
0.35949	0.9623156166152792	0.9733393841400741	0.9677961095951269	0.9743414241050253	0.9568900055499121	0.9655368656525566
