Opt_Th	P	R	F1	P_5	R_5	F1_5
0.43581885	0.828567268165373	0.8783509249923898	0.8527331061661584	0.8829171259958896	0.8221918293238456	0.8514731503803401
