Opt_Th	P	R	F1	P_5	R_5	F1_5
0.52049917	0.8057752828102407	0.5374730511744015	0.6448286424122792	0.7740890364385424	0.5489901282196755	0.6423912502282043
