Opt_Th	P	R	F1	P_5	R_5	F1_5
0.4791529	0.32098794859082413	0.9550238284352661	0.4804832448478621	0.2883509149997393	0.470668330874844	0.35761318202881687
