Opt_Th	P	R	F1	P_5	R_5	F1_5
0.25833324	0.976539649117546	0.9842527844764494	0.9803810462832693	0.9829856816008408	0.9753256202058321	0.9791406694903911
