Opt_Th	P	R	F1	P_5	R_5	F1_5
0.5641207	0.9351014841556358	0.916188242396041	0.9255482520569874	0.9307676404637331	0.9200774701469543	0.9253916829917322
