Opt_Th	P	R	F1	P_5	R_5	F1_5
0.57829267	0.992689778247794	0.9444126542957574	0.9679496268416234	0.9897228595600119	0.9452961409554232	0.9669994966542785
