Opt_Th	P	R	F1	P_5	R_5	F1_5
0.47072038	0.8935822255449385	0.5424940428911835	0.6751215723653436	0.921057207442184	0.5259134233518665	0.6695316943689565
