Opt_Th	P	R	F1	P_5	R_5	F1_5
0.41471764	0.8296006944444444	0.880817139410988	0.8544421089048199	0.9054053132740949	0.7982366506580754	0.8484502261118452
