Opt_Th	P	R	F1	P_5	R_5	F1_5
0.41215536	0.706251536457053	0.9032597828069094	0.7926985064248839	0.746662980244387	0.8236139320501292	0.7832529769246295
