Opt_Th	P	R	F1	P_5	R_5	F1_5
0.37011215	0.9749845960309106	0.9838652570310864	0.9794047958048797	0.9833067546312478	0.9717731053793991	0.9775059096392541
