Opt_Th	P	R	F1	P_5	R_5	F1_5
0.6108484	0.9567369920724756	0.9559673577008537	0.9563520200438459	0.9505469631484631	0.961277842226216	0.9558822870184097
