Opt_Th	P	R	F1	P_5	R_5	F1_5
0.101935714	0.5056917688266199	0.21377012770682954	0.30050735007154933	0.8966346153846154	0.10355358134369795	0.1856645097063216
