Epoch	Train Loss	Test Loss
1	0.24398114773360166	0.1078642990726691
2	0.12228781422430819	0.09644624992058827
3	0.11461775947700847	0.09797681982700641
4	0.11181465392762964	0.09828206151723862
5	0.10995129398324273	0.09920347252717385
6	0.10838059978051619	0.10077244960344754
