Opt_Th	P	R	F1	P_5	R_5	F1_5
0.13853182	0.10397224353322417	0.26789204658607285	0.1498037743786876	0.26870144284128744	0.017857011144958215	0.033488487900018675
