Opt_Th	P	R	F1	P_5	R_5	F1_5
0.23151788	0.03410103126344404	0.9948277581135649	0.06594169165334204	0.027102993695043064	0.2476257540256244	0.04885836888763202
