Opt_Th	P	R	F1	P_5	R_5	F1_5
0.48556155	0.03933905807149641	0.8251470000196656	0.07509781204099336	0.03252164657530875	0.41580192853537506	0.060325015751494904
