Opt_Th	P	R	F1	P_5	R_5	F1_5
0.5004745	0.04071847625465092	0.554302308190837	0.0758640570681932	0.04029655220126628	0.5625965900593249	0.07520637164514615
