Opt_Th	P	R	F1	P_5	R_5	F1_5
0.36085436	0.06210437673269981	0.2581562887165604	0.10012241364626144	0.10381779555111222	0.02178287916827815	0.036010164771157184
