Opt_Th	P	R	F1	P_5	R_5	F1_5
0.20847392	0.03952859600103604	0.7913288015155587	0.07529599325368658	0.0518102217198258	0.09584335730345916	0.06726102577549602
