Opt_Th	P	R	F1	P_5	R_5	F1_5
0.13730195	0.1577870646766169	0.29240947948398327	0.20497018046827134	0.3372384937238494	0.020807364080928183	0.039196342971474625
