Opt_Th	P	R	F1	P_5	R_5	F1_5
0.12768209	0.17246575342465753	0.40778271330742183	0.24240840576521072	0.0	0.0	0.0
