Opt_Th	P	R	F1	P_5	R_5	F1_5
0.34516478	0.036752756355683876	0.6233299267161873	0.06941279786099745	0.038683182663904914	0.19447006331322597	0.06453027021158907
