Opt_Th	P	R	F1	P_5	R_5	F1_5
0.30728874	0.03511912361788514	0.20288101964197466	0.059873943863552014	0.030909742562999765	0.018447081732152208	0.023104993302231046
