Opt_Th	P	R	F1	P_5	R_5	F1_5
0.18942803	0.8430064487436069	0.3508236165093467	0.4954584068483305	0.9300015053439711	0.2858597075698686	0.43730313218899314
