Opt_Th	P	R	F1	P_5	R_5	F1_5
0.10961627	0.21801121344739344	0.9924610171727436	0.3574929274374463	0.0	0.0	0.0
