Opt_Th	P	R	F1	P_5	R_5	F1_5
0.060944006	0.2209598808405919	0.9700436525784703	0.35993298738349616	0.8104113168043091	0.025750870407509358	0.049915667354903354
