Opt_Th	P	R	F1	P_5	R_5	F1_5
0.10099217	0.1416453370673053	0.5557701329803726	0.22575423459581195	0.19092400424141523	0.22589504070059702	0.20694249090674594
