Opt_Th	P	R	F1	P_5	R_5	F1_5
0.08478875	0.23934348864025756	0.8354325653807816	0.37208745761282497	0.4524442444494443	0.04630914804973562	0.08401870670180771
