Opt_Th	P	R	F1	P_5	R_5	F1_5
0.21719266	0.12991092494410678	0.7654087238462639	0.22212168672830757	0.13988643822408167	0.422133418713656	0.21013755891457786
