Epoch	Train Loss	Test Loss
1	0.2743781748680753	0.27237533318524915
2	0.2331617871031223	0.2747338269638846
3	0.22514412574730958	0.2774727328720127
4	0.220092082093198	0.278879365666522
5	0.21647979474485152	0.2825464902116972
