Epoch	Train Loss	Test Loss
1	0.28336248690052257	0.2740460199135796
2	0.23336505693916218	0.27346306103782286
3	0.22046214523018567	0.2736032175062636
4	0.21585308773740255	0.27685015196732526
5	0.21305401921272277	0.2776861230920222
6	0.21111314880013002	0.27705334650605734
