Opt_Th	P	R	F1	P_5	R_5	F1_5
0.14833002	0.14191948936381998	0.533783269954563	0.22422358961303918	0.15428700743873705	0.3623957916132552	0.2164305151980682
