Opt_Th	P	R	F1	P_5	R_5	F1_5
0.24621734	0.37213063675504193	0.26306863008157755	0.3082368067270266	0.2222222222222222	4.0047897285153045e-06	8.009435114564959e-06
