Opt_Th	P	R	F1	P_5	R_5	F1_5
0.120774575	0.5161897957195284	0.19707133203556063	0.28524254769297036	0.7216814683244523	0.12594594818001845	0.21446417386286062
