Opt_Th	P	R	F1	P_5	R_5	F1_5
0.15513596	0.2818470571249819	0.28144861254059855	0.2816476939138241	0.6244168569811247	0.12811122102034034	0.212602847154839
