Epoch	Train Loss	Test Loss
1	0.15147818263228002	0.07004525066037809
2	0.07548082388545338	0.06124224447575975
3	0.06765155953012014	0.06236222471025857
4	0.06505808315092795	0.0608410690795661
5	0.06393288141606669	0.06230520840334006
6	0.06332521785638834	0.06353537303449447
7	0.06286794597675141	0.06199945489421856
8	0.062491914507393775	0.06232096846715724
