Opt_Th	P	R	F1	P_5	R_5	F1_5
0.14641376	0.7695074660911372	0.18125421052849108	0.2933994326696639	0.8854864596336586	0.14365599930565026	0.24720667411079422
