Epoch	Train Loss	Test Loss
1	0.12159806513472607	0.06136287116130029
2	0.06781738239683603	0.06104216769276079
3	0.06511349726566358	0.06316878511916754
4	0.06392347066124018	0.06382751235476702
5	0.0632069671918687	0.06355828888837464
6	0.06271325189032052	0.0636603929995259
