Opt_Th	P	R	F1	P_5	R_5	F1_5
0.39038557	0.027958461788090215	0.34502865427050755	0.05172548879518228	0.017083437329249947	0.020284259974930018	0.018546761457156613
