Opt_Th	P	R	F1	P_5	R_5	F1_5
0.4316426	0.9821422393811708	0.9865595961822382	0.9843459619674834	0.9869595511166603	0.9802588794335113	0.9835978034765005
