Epoch	Train Loss	Test Loss
1	0.6877323052822015	0.6685571282408959
2	0.5085883969679857	0.46504826809084693
3	0.362761445916616	0.41042182196018306
4	0.3061116053125797	0.39049437572789747
5	0.2765337171462866	0.3812908100527386
6	0.25850418229133654	0.37818909453791244
7	0.2462278371438002	0.3774146950522134
8	0.237449783545274	0.3777092393747596
9	0.2309171311939374	0.3793754338525062
10	0.22602199495602876	0.3814301206622013
11	0.22220329080636686	0.3835127873476161
