Opt_Th	P	R	F1	P_5	R_5	F1_5
0.51226395	0.6365608900318067	0.9450609697735408	0.7607239977416674	0.63516992751299	0.9477271770133425	0.7605899342469121
