Epoch	Train Loss	Test Loss
1	0.3204908715799833	0.3745513638091642
2	0.08917234821292834	0.44567251621290693
3	0.0532566040324477	0.4656147544467172
4	0.03798845544075354	0.48666907985543095
5	0.029383334008833535	0.5244596676771031
