Opt_Th	P	R	F1	P_5	R_5	F1_5
0.087836295	0.9569825607089919	0.9717679040734243	0.9643185619243967	0.979879514154412	0.9274603425183209	0.9529496137198075
