Opt_Th	P	R	F1	P_5	R_5	F1_5
0.23228055	0.8492136059755236	0.8345292383638788	0.841807389038728	0.9834225534205987	0.5694414244822461	0.7212499583435248
