Epoch	Train Loss	Test Loss
1	0.36634642984240484	0.383050788973653
2	0.17927284825306672	0.3773350622071776
3	0.1159293343527959	0.3906998807607695
4	0.08481724593692865	0.39563104891499806
5	0.06590392555181797	0.3792464909858482
6	0.05349237923152172	0.38440979739954306
