Epoch	Train Loss	Test Loss
1	0.31364177810874855	0.2003305639992369
2	0.12455779335812314	0.1049432061771129
3	0.0724724197590893	0.07600478162156775
4	0.05071556686677716	0.08882819013075625
5	0.04148850134005407	0.08454525930450317
6	0.03276675086855501	0.05217742959552623
7	0.026575958997301467	0.11197080169903471
8	0.0224420335567133	0.18613316661658438
9	0.0179681020740468	0.1763385876299853
10	0.017278307262662943	0.1640653658975312
