Opt_Th	P	R	F1	P_5	R_5	F1_5
0.63995177	0.6616276119606621	0.8726016960508433	0.7526089787702236	0.6383230298818026	0.9085886023851911	0.7498463616058523
