Opt_Th	P	R	F1	P_5	R_5	F1_5
0.6363301	0.6799991021928938	0.7887317904247784	0.7303406118243307	0.6360351813877617	0.8419372499473573	0.7246437080069726
