Opt_Th	P	R	F1	P_5	R_5	F1_5
0.26461372	0.04975195933755087	0.6065328345848989	0.09196067683604793	0.0677308652063894	0.05439662894130504	0.06033581165679009
