Opt_Th	P	R	F1	P_5	R_5	F1_5
0.125216	0.18193270172866785	0.3621238930524955	0.2421886945421315	0.0	0.0	0.0
