Opt_Th	P	R	F1	P_5	R_5	F1_5
0.15748347	0.6930724230782681	0.2950435122880743	0.4138917603817519	0.8671612007634912	0.21256156797359488	0.3414305039352864
