Opt_Th	P	R	F1	P_5	R_5	F1_5
0.35297856	0.0634467865222007	0.19679062142627782	0.09595647793783878	0.1568700948811058	0.018860802992490606	0.03367303064819076
