Opt_Th	P	R	F1	P_5	R_5	F1_5
0.4895891	0.048078149781332576	0.7695861101565536	0.09050236897122205	0.04408932309839497	0.44935102613359174	0.08029980769361447
