Opt_Th	P	R	F1	P_5	R_5	F1_5
0.15585625	0.5417875081760851	0.18672641276700722	0.27773261423126194	0.7140026490066225	0.14330557280545797	0.23870191839344512
