Epoch	Train Loss	Test Loss
1	0.18268015209837224	0.11344902037188065
2	0.11412336648905091	0.11273756600743116
3	0.10951790405982909	0.11264683434436487
4	0.10729044031487388	0.11355242923248646
5	0.10580930862724265	0.11225367167661357
6	0.10457732999758662	0.11477071426289026
7	0.10359409190649796	0.11525806275218033
8	0.10277334449609396	0.11546925051614296
9	0.10205878409035697	0.11534784826081852
