Opt_Th	P	R	F1	P_5	R_5	F1_5
0.47321284	0.9383497624760307	0.9662347197967931	0.9520881097754726	0.9475514829047197	0.954189157009049	0.9508587361697499
