Opt_Th	P	R	F1	P_5	R_5	F1_5
0.47043523	0.9640167606395303	0.9907227337672646	0.9771873165002936	0.9665439068709856	0.9869423718050484	0.9766366381109011
