Epoch	Train Loss	Test Loss
1	0.3121624667424582	0.28025756846852756
2	0.24757240508533335	0.2713120355588909
3	0.23593158310873585	0.2732750898985951
4	0.22647368115087585	0.27467195137783335
5	0.22102272893970953	0.2752975625342425
6	0.21813721744814094	0.2809400297548055
