Opt_Th	P	R	F1	P_5	R_5	F1_5
0.47833583	0.6390493673847705	0.7046257342435307	0.6702373649190695	0.6655831892010099	0.664381250992221	0.6649816769785387
