Opt_Th	P	R	F1	P_5	R_5	F1_5
0.09922531	0.2149647019796	0.9999236067898051	0.35385685841962605	0.0	0.0	0.0
