Epoch	Train Loss	Test Loss
1	0.3026986960631368	0.2714355500729241
2	0.24447526856490004	0.2755951014167242
3	0.23576971880283415	0.27983829015750944
4	0.23069325210976394	0.28082047027263624
5	0.22686098953701633	0.2835828814762855
