Opt_Th	P	R	F1	P_5	R_5	F1_5
0.06803936	0.21503361859962794	0.9986430692625918	0.35386991448475796	0.2149513776337115	0.00031054864374245947	0.0006202012585233833
