Opt_Th	P	R	F1	P_5	R_5	F1_5
0.10146626	0.22062041297635474	0.9307148706847349	0.3566896664206527	0.26663182259389234	0.015678169747469217	0.02961495581530418
