Opt_Th	P	R	F1	P_5	R_5	F1_5
0.15563516	0.020975917069957904	0.6061232933388498	0.04054858218353423	0.01507537688442211	0.0012412081092263137	0.0022935779816513767
