Opt_Th	P	R	F1	P_5	R_5	F1_5
0.5001544	0.024448775379603233	0.6064213564213564	0.04700257241919248	0.024291439610183662	0.6078643578643579	0.046716016523884775
