Opt_Th	P	R	F1	P_5	R_5	F1_5
0.33183557	0.0533416517195664	0.24675324675324675	0.08772042321256812	0.1891891891891892	0.005050505050505051	0.00983836964160225
