Opt_Th	P	R	F1	P_5	R_5	F1_5
0.14072058	0.154499468257271	0.3563296349854327	0.21554268846503177	0.0	0.0	0.0
