Opt_Th	P	R	F1	P_5	R_5	F1_5
0.2845613	0.03106573968142216	0.302355460385439	0.05634252424085232	0.0	0.0	0.0
