Opt_Th	P	R	F1	P_5	R_5	F1_5
0.23442893	0.04102271337112099	0.3629148629148629	0.0737131342736765	0.014218009478672985	0.0010822510822510823	0.002011397921555481
