Opt_Th	P	R	F1	P_5	R_5	F1_5
0.16300103	0.8215178674462438	0.1822044201016086	0.2982581706078073	0.9234014502307185	0.149384248535804	0.25716530691673334
