Epoch	Train Loss	Test Loss
1	0.21010997180370677	0.09586129862910663
2	0.09028696714831679	0.06955670129157539
3	0.07713851181652721	0.06347345364972568
4	0.070446369381959	0.06104384679506477
5	0.0669500867792424	0.06145457753863854
6	0.06526680158688718	0.06052777854900839
7	0.06431226921361564	0.061407285225060254
8	0.06373263351469231	0.06136223368155651
9	0.06332087567788643	0.06223030257014892
10	0.06296543815992023	0.06239486430795529
