Opt_Th	P	R	F1	P_5	R_5	F1_5
0.5273919	0.06906686260102865	0.04025695931477516	0.050865800865800864	0.013611940298507463	0.3905781584582441	0.026307059926444075
