Opt_Th	P	R	F1	P_5	R_5	F1_5
0.5142388	0.019590679838272687	0.19445593711212247	0.03559527415934565	0.011495956873315364	0.35291683905668186	0.02226659879661172
