Opt_Th	P	R	F1	P_5	R_5	F1_5
0.3666348	0.0675422138836773	0.07447248655357881	0.07083825265643447	0.6666666666666666	0.0024824162184526274	0.004946413849958781
