Opt_Th	P	R	F1	P_5	R_5	F1_5
0.30821407	0.03921252218815556	0.10406852248394004	0.056962025316455694	0.0	0.0	0.0
