Epoch	Train Loss	Test Loss
1	0.1720671881365296	0.0667828384341083
2	0.07275152848470931	0.06259987816915043
3	0.06817576925726546	0.06267699567425965
4	0.06596821883580829	0.06371790297233905
5	0.06469492666773348	0.06347110962224567
6	0.06387927151166353	0.06433680021546336
