Opt_Th	P	R	F1	P_5	R_5	F1_5
0.07604117	0.39758958586653315	0.23711656834265385	0.29706684765617697	0.7139350506446971	0.10793886421901727	0.18752593822256475
