Opt_Th	P	R	F1	P_5	R_5	F1_5
0.62017417	0.9664479495522034	0.9676414653407901	0.9670443391905292	0.9606950839505092	0.972659838509517	0.9666404387076624
