Opt_Th	P	R	F1	P_5	R_5	F1_5
0.41215536	0.713033821497785	0.9069504069919525	0.7983859388672314	0.7537114130861676	0.8268291557032729	0.7885790262293205
