Opt_Th	P	R	F1	P_5	R_5	F1_5
0.43048906	0.8547305372240654	0.8500985140296872	0.8524082330197503	0.8945192423855994	0.8055063097329443	0.8476824280919861
