Opt_Th	P	R	F1	P_5	R_5	F1_5
0.5138232	0.9278685865667069	0.9506808844573698	0.9391362241384814	0.9268299993405947	0.9516133499515302	0.9390581843636071
