Opt_Th	P	R	F1	P_5	R_5	F1_5
0.58385694	0.9982468011811023	0.9987844096693287	0.9985155330620784	0.9952168504139677	0.9995322285309821	0.9973698715950738
