Opt_Th	P	R	F1	P_5	R_5	F1_5
0.4355699	0.8378432265042055	0.8727928333191491	0.8549610062743276	0.8967455461943471	0.8096487175434544	0.8509743578821827
