Opt_Th	P	R	F1	P_5	R_5	F1_5
0.35999703	0.976129346262896	0.9838469224942382	0.9799729400663104	0.9890200833555498	0.9678489693297017	0.9783200025658609
