Opt_Th	P	R	F1	P_5	R_5	F1_5
0.2706836	0.9861335901336873	0.987696198222514	0.9869142756485664	0.9914141870045463	0.979212005527795	0.9852753181138869
