Opt_Th	P	R	F1	P_5	R_5	F1_5
0.4882774	0.2131520614748042	0.8531882172009937	0.34108967082860386	0.1464140375443049	0.3958357979415592	0.2137609403948125
