Opt_Th	P	R	F1	P_5	R_5	F1_5
0.34357005	0.9846173514165613	0.9831997989892727	0.9839080646232414	0.9930884511458785	0.9651696230643599	0.9789300181474776
