Opt_Th	P	R	F1	P_5	R_5	F1_5
0.53739715	0.879640917654882	0.9389565834614929	0.9083314259555962	0.823045267489712	0.9700697977049568	0.8905299739357081
