Opt_Th	P	R	F1	P_5	R_5	F1_5
0.4911647	0.9716470588235294	0.9770495682006388	0.9743408246328085	0.9737313432835821	0.9647462439370638	0.9692179700499168
