Opt_Th	P	R	F1	P_5	R_5	F1_5
0.21620503	0.5431806453571321	0.5382787353728604	0.5407185809687849	0.7144098382569175	0.3215413771320278	0.4434809667046987
