Opt_Th	P	R	F1	P_5	R_5	F1_5
0.2317525	0.06044678055190539	0.989247311827957	0.11393188854489165	0.053830227743271224	0.27956989247311825	0.09027777777777778
