Opt_Th	P	R	F1	P_5	R_5	F1_5
0.12768209	0.1874922911982087	0.36379116732018923	0.2474517906336088	0.0	0.0	0.0
