Opt_Th	P	R	F1	P_5	R_5	F1_5
0.12236257	0.47112986436161125	0.19038907604793726	0.27118794064721674	0.8396402796993606	0.10334170946779331	0.18403291439062072
