Opt_Th	P	R	F1	P_5	R_5	F1_5
0.5184006	0.09876543209876543	0.17204301075268819	0.12549019607843137	0.06784260515603799	0.5376344086021505	0.12048192771084336
