Opt_Th	P	R	F1	P_5	R_5	F1_5
0.49063474	0.07311968606932635	0.7266031195840554	0.13286851800499147	0.060325795095172746	0.4380415944540728	0.10604709707872242
