Epoch	Train Loss	Test Loss
1	0.24392143799500032	0.12200573976468114
2	0.12218474561517889	0.10996421375899638
3	0.11458405727689916	0.1097339341435039
4	0.11179767022078688	0.1107657093337728
5	0.10997177225622264	0.11180928664155376
6	0.10841802895069122	0.11208637557851459
7	0.10711383200504564	0.11188944543087945
