Opt_Th	P	R	F1	P_5	R_5	F1_5
0.2178373	0.5400417167056444	0.514033029509972	0.526716498420282	0.6709309825843904	0.37547754414463197	0.4814936254749551
