Opt_Th	P	R	F1	P_5	R_5	F1_5
0.33781183	0.13797814207650272	0.3063258232235702	0.19025834230355218	0.29927007299270075	0.01776429809358752	0.03353783231083844
