Opt_Th	P	R	F1	P_5	R_5	F1_5
0.44562277	0.3100153047892792	0.24982703125470024	0.2766857675906183	0.468828683653943	0.14002947989050327	0.2156490317798573
