Opt_Th	P	R	F1	P_5	R_5	F1_5
0.18368164	0.07452488518836575	0.8648180242634316	0.13722457117321507	0.05536770921386306	0.05675909878682842	0.05605477107402653
