Opt_Th	P	R	F1	P_5	R_5	F1_5
0.15262882	0.779012685072458	0.2738719832109129	0.4052670827757403	0.9087903031277639	0.20807100384749913	0.33861484765870753
