Opt_Th	P	R	F1	P_5	R_5	F1_5
0.43758625	0.09782608695652174	0.3870967741935484	0.1561822125813449	0.07317073170731707	0.12903225806451613	0.0933852140077821
